<?xml version="1.0" encoding="UTF-8"?>
<DockingPaneLayouts CompactMode="1">
	<RegistyKey>
		<Summary Panes="19" TopContainer="6" Client="10"/>
		<Pane-1 Type="0" DockingCX="200" DockingCY="120" Title="Libraries\n\n" ID="3" DockingHolder="7" LastHolder="7"/>
		<Pane-2 Type="0" DockingCX="200" DockingCY="120" Title="Hierarchy\n\n" ID="6" DockingHolder="7" LastHolder="7"/>
		<Pane-3 Type="0" DockingCX="200" DockingCY="120" Title="Command\n\n" ID="1" DockingHolder="12" LastHolder="12"/>
		<Pane-4 Type="0" DockingCX="200" DockingCY="120" Title="Properties\n\n" ID="2" DockingHolder="11" LastHolder="11"/>
		<Pane-5 Type="0" DockingCX="193" DockingCY="120" Title="Find\n\n" ID="5" DockingHolder="13" FloatingHolder="19" LastHolder="13"/>
		<Pane-6 Type="2" Horiz="1" Panes="3" Pane-1="7" Pane-2="8" Pane-3="13"/>
		<Pane-7 Type="1" DockingCX="200" DockingCY="120" Panes="2" Selected="1" Pane-1="1" Pane-2="2"/>
		<Pane-8 Type="2" DockingCX="1693" Panes="2" Pane-1="9" Pane-2="12"/>
		<Pane-9 Type="2" DockingCY="820" Horiz="1" Panes="2" Pane-1="10" Pane-2="11"/>
		<Pane-10 Type="4" DockingCX="1383"/>
		<Pane-11 Type="1" DockingCX="306" DockingCY="120" Panes="1" Selected="4" Pane-1="4"/>
		<Pane-12 Type="1" DockingCX="200" DockingCY="120" Panes="1" Selected="3" Pane-1="3"/>
		<Pane-13 Type="1" DockingCX="200" DockingCY="120" Panes="0"/>
		<Pane-14 Type="5" Direction="1" Panes="1" Pane-1="15"/>
		<Pane-15 Type="1" DockingCX="200" DockingCY="120" Panes="1" Selected="5" Pane-1="5"/>
		<Pane-16 Type="5" Direction="3" Panes="0"/>
		<Pane-17 Type="3" WindowRectTopPos="81" WindowRectBottomPos="201" WindowRectLeftPos="1713" WindowRectRightPos="1913" TopContaner="18"/>
		<Pane-18 Type="2" DockingCX="200" DockingCY="120" Horiz="1" Panes="1" Pane-1="19"/>
		<Pane-19 Type="1" DockingCX="200" DockingCY="120" Panes="0"/>
	</RegistyKey>
</DockingPaneLayouts>
